<?xml version="1.0" encoding="UTF-8"?>

<configuration>
	<appender name="stdout" class="ch.qos.logback.core.ConsoleAppender">
		<encoder>
			<pattern>%d %5p %c{2} - %m%n</pattern>
		</encoder>
	</appender>
	<root level="INFO">
		<appender-ref ref="stdout" />
	</root>
	
	<!-- 
	<logger name="org.springframework.jdbc" level="DEBUG" />
	<logger name="org.springframework.jdbc" level="ERROR" />
	<logger name="org.springframework.jdbc" level="INFO" />
	<logger name="org.springframework.jdbc" level="WARN" />
	<logger name="org.springframework.jdbc" level="FATAL" />
	<logger name="org.springframework.jdbc" level="TRACE" />
	<logger name="org.springframework.jdbc" level="ALL" />
	 -->
	<logger name="org.springframework.jdbc" level="OFF" />
</configuration>